[Header],,,,
IEMFileVersion,4,,,
Investigator Name,PairPlex,,,
Experiment Name,PairPlex_seq_96wells,,,
Date,5/14/2025,,,
Workflow,GenerateFASTQ,,,
Application,FASTQ Only,,,
Assay,Nextera,,,
Description,,,,
Chemistry,Default,,,
,,,,
[Reads],,,,
321,,,,
301,,,,
,,,,
[Settings],,,,
ReverseComplement,0,,,
,,,,
[Data],,,,
Sample_ID,Sample_Name,Sample_Project,index,index2
PairPlex_VDJ_1,PairPlex_VDJ_1,PairPlex,ACGAAAGC,AGTAAACC
PairPlex_VDJ_2,PairPlex_VDJ_2,PairPlex,ACGAAAGC,TCATGAAA
PairPlex_VDJ_3,PairPlex_VDJ_3,PairPlex,ACGAAAGC,CAGTACTG
PairPlex_VDJ_4,PairPlex_VDJ_4,PairPlex,ACGAAAGC,GAATCATA
PairPlex_VDJ_5,PairPlex_VDJ_5,PairPlex,ACGAAAGC,TCACCTAG
PairPlex_VDJ_6,PairPlex_VDJ_6,PairPlex,ACGAAAGC,ACATAGCG
PairPlex_VDJ_7,PairPlex_VDJ_7,PairPlex,ACGAAAGC,ACCTCTGT
PairPlex_VDJ_8,PairPlex_VDJ_8,PairPlex,ACGAAAGC,GGAGATGC
PairPlex_VDJ_9,PairPlex_VDJ_9,PairPlex,ACGAAAGC,CTTTAAGA
PairPlex_VDJ_10,PairPlex_VDJ_10,PairPlex,ACGAAAGC,AGGGTTTC
PairPlex_VDJ_11,PairPlex_VDJ_11,PairPlex,ACGAAAGC,GACCGGAC
PairPlex_VDJ_12,PairPlex_VDJ_12,PairPlex,ACGAAAGC,GTTCCACT
PairPlex_VDJ_13,PairPlex_VDJ_13,PairPlex,ACGAAAGC,AAGATTAC
PairPlex_VDJ_14,PairPlex_VDJ_14,PairPlex,ACGAAAGC,GAAGAGTA
PairPlex_VDJ_15,PairPlex_VDJ_15,PairPlex,ACGAAAGC,TAATACAC
PairPlex_VDJ_16,PairPlex_VDJ_16,PairPlex,ACGAAAGC,TATGAAGT
PairPlex_VDJ_17,PairPlex_VDJ_17,PairPlex,ACGAAAGC,CCATTATT
PairPlex_VDJ_18,PairPlex_VDJ_18,PairPlex,ACGAAAGC,GATTAACG
PairPlex_VDJ_19,PairPlex_VDJ_19,PairPlex,ACGAAAGC,TGAGGTTT
PairPlex_VDJ_20,PairPlex_VDJ_20,PairPlex,ACGAAAGC,AGCACTTT
PairPlex_VDJ_21,PairPlex_VDJ_21,PairPlex,ACGAAAGC,AGTTACAG
PairPlex_VDJ_22,PairPlex_VDJ_22,PairPlex,ACGAAAGC,CATACGGT
PairPlex_VDJ_23,PairPlex_VDJ_23,PairPlex,ACGAAAGC,TGAGGAAC
PairPlex_VDJ_24,PairPlex_VDJ_24,PairPlex,ACGAAAGC,TGGTGGTA
PairPlex_VDJ_25,PairPlex_VDJ_25,PairPlex,AGGCTACC,AGTAAACC
PairPlex_VDJ_26,PairPlex_VDJ_26,PairPlex,AGGCTACC,TCATGAAA
PairPlex_VDJ_27,PairPlex_VDJ_27,PairPlex,AGGCTACC,CAGTACTG
PairPlex_VDJ_28,PairPlex_VDJ_28,PairPlex,AGGCTACC,GAATCATA
PairPlex_VDJ_29,PairPlex_VDJ_29,PairPlex,AGGCTACC,TCACCTAG
PairPlex_VDJ_30,PairPlex_VDJ_30,PairPlex,AGGCTACC,ACATAGCG
PairPlex_VDJ_31,PairPlex_VDJ_31,PairPlex,AGGCTACC,ACCTCTGT
PairPlex_VDJ_32,PairPlex_VDJ_32,PairPlex,AGGCTACC,GGAGATGC
PairPlex_VDJ_33,PairPlex_VDJ_33,PairPlex,AGGCTACC,CTTTAAGA
PairPlex_VDJ_34,PairPlex_VDJ_34,PairPlex,AGGCTACC,AGGGTTTC
PairPlex_VDJ_35,PairPlex_VDJ_35,PairPlex,AGGCTACC,GACCGGAC
PairPlex_VDJ_36,PairPlex_VDJ_36,PairPlex,AGGCTACC,GTTCCACT
PairPlex_VDJ_37,PairPlex_VDJ_37,PairPlex,AGGCTACC,AAGATTAC
PairPlex_VDJ_38,PairPlex_VDJ_38,PairPlex,AGGCTACC,GAAGAGTA
PairPlex_VDJ_39,PairPlex_VDJ_39,PairPlex,AGGCTACC,TAATACAC
PairPlex_VDJ_40,PairPlex_VDJ_40,PairPlex,AGGCTACC,TATGAAGT
PairPlex_VDJ_41,PairPlex_VDJ_41,PairPlex,AGGCTACC,CCATTATT
PairPlex_VDJ_42,PairPlex_VDJ_42,PairPlex,AGGCTACC,GATTAACG
PairPlex_VDJ_43,PairPlex_VDJ_43,PairPlex,AGGCTACC,TGAGGTTT
PairPlex_VDJ_44,PairPlex_VDJ_44,PairPlex,AGGCTACC,AGCACTTT
PairPlex_VDJ_45,PairPlex_VDJ_45,PairPlex,AGGCTACC,AGTTACAG
PairPlex_VDJ_46,PairPlex_VDJ_46,PairPlex,AGGCTACC,CATACGGT
PairPlex_VDJ_47,PairPlex_VDJ_47,PairPlex,AGGCTACC,TGAGGAAC
PairPlex_VDJ_48,PairPlex_VDJ_48,PairPlex,AGGCTACC,TGGTGGTA
PairPlex_VDJ_49,PairPlex_VDJ_49,PairPlex,AGACTTTC,AGTAAACC
PairPlex_VDJ_50,PairPlex_VDJ_50,PairPlex,AGACTTTC,TCATGAAA
PairPlex_VDJ_51,PairPlex_VDJ_51,PairPlex,AGACTTTC,CAGTACTG
PairPlex_VDJ_52,PairPlex_VDJ_52,PairPlex,AGACTTTC,GAATCATA
PairPlex_VDJ_53,PairPlex_VDJ_53,PairPlex,AGACTTTC,TCACCTAG
PairPlex_VDJ_54,PairPlex_VDJ_54,PairPlex,AGACTTTC,ACATAGCG
PairPlex_VDJ_55,PairPlex_VDJ_55,PairPlex,AGACTTTC,ACCTCTGT
PairPlex_VDJ_56,PairPlex_VDJ_56,PairPlex,AGACTTTC,GGAGATGC
PairPlex_VDJ_57,PairPlex_VDJ_57,PairPlex,AGACTTTC,CTTTAAGA
PairPlex_VDJ_58,PairPlex_VDJ_58,PairPlex,AGACTTTC,AGGGTTTC
PairPlex_VDJ_59,PairPlex_VDJ_59,PairPlex,AGACTTTC,GACCGGAC
PairPlex_VDJ_60,PairPlex_VDJ_60,PairPlex,AGACTTTC,GTTCCACT
PairPlex_VDJ_61,PairPlex_VDJ_61,PairPlex,AGACTTTC,AAGATTAC
PairPlex_VDJ_62,PairPlex_VDJ_62,PairPlex,AGACTTTC,GAAGAGTA
PairPlex_VDJ_63,PairPlex_VDJ_63,PairPlex,AGACTTTC,TAATACAC
PairPlex_VDJ_64,PairPlex_VDJ_64,PairPlex,AGACTTTC,TATGAAGT
PairPlex_VDJ_65,PairPlex_VDJ_65,PairPlex,AGACTTTC,CCATTATT
PairPlex_VDJ_66,PairPlex_VDJ_66,PairPlex,AGACTTTC,GATTAACG
PairPlex_VDJ_67,PairPlex_VDJ_67,PairPlex,AGACTTTC,TGAGGTTT
PairPlex_VDJ_68,PairPlex_VDJ_68,PairPlex,AGACTTTC,AGCACTTT
PairPlex_VDJ_69,PairPlex_VDJ_69,PairPlex,AGACTTTC,AGTTACAG
PairPlex_VDJ_70,PairPlex_VDJ_70,PairPlex,AGACTTTC,CATACGGT
PairPlex_VDJ_71,PairPlex_VDJ_71,PairPlex,AGACTTTC,TGAGGAAC
PairPlex_VDJ_72,PairPlex_VDJ_72,PairPlex,AGACTTTC,TGGTGGTA
PairPlex_VDJ_73,PairPlex_VDJ_73,PairPlex,AGCTGCGT,AGTAAACC
PairPlex_VDJ_74,PairPlex_VDJ_74,PairPlex,AGCTGCGT,TCATGAAA
PairPlex_VDJ_75,PairPlex_VDJ_75,PairPlex,AGCTGCGT,CAGTACTG
PairPlex_VDJ_76,PairPlex_VDJ_76,PairPlex,AGCTGCGT,GAATCATA
PairPlex_VDJ_77,PairPlex_VDJ_77,PairPlex,AGCTGCGT,TCACCTAG
PairPlex_VDJ_78,PairPlex_VDJ_78,PairPlex,AGCTGCGT,ACATAGCG
PairPlex_VDJ_79,PairPlex_VDJ_79,PairPlex,AGCTGCGT,ACCTCTGT
PairPlex_VDJ_80,PairPlex_VDJ_80,PairPlex,AGCTGCGT,GGAGATGC
PairPlex_VDJ_81,PairPlex_VDJ_81,PairPlex,AGCTGCGT,CTTTAAGA
PairPlex_VDJ_82,PairPlex_VDJ_82,PairPlex,AGCTGCGT,AGGGTTTC
PairPlex_VDJ_83,PairPlex_VDJ_83,PairPlex,AGCTGCGT,GACCGGAC
PairPlex_VDJ_84,PairPlex_VDJ_84,PairPlex,AGCTGCGT,GTTCCACT
PairPlex_VDJ_85,PairPlex_VDJ_85,PairPlex,AGCTGCGT,AAGATTAC
PairPlex_VDJ_86,PairPlex_VDJ_86,PairPlex,AGCTGCGT,GAAGAGTA
PairPlex_VDJ_87,PairPlex_VDJ_87,PairPlex,AGCTGCGT,TAATACAC
PairPlex_VDJ_88,PairPlex_VDJ_88,PairPlex,AGCTGCGT,TATGAAGT
PairPlex_VDJ_89,PairPlex_VDJ_89,PairPlex,AGCTGCGT,CCATTATT
PairPlex_VDJ_90,PairPlex_VDJ_90,PairPlex,AGCTGCGT,GATTAACG
PairPlex_VDJ_91,PairPlex_VDJ_91,PairPlex,AGCTGCGT,TGAGGTTT
PairPlex_VDJ_92,PairPlex_VDJ_92,PairPlex,AGCTGCGT,AGCACTTT
PairPlex_VDJ_93,PairPlex_VDJ_93,PairPlex,AGCTGCGT,AGTTACAG
PairPlex_VDJ_94,PairPlex_VDJ_94,PairPlex,AGCTGCGT,CATACGGT
PairPlex_VDJ_95,PairPlex_VDJ_95,PairPlex,AGCTGCGT,TGAGGAAC
PairPlex_VDJ_96,PairPlex_VDJ_96,PairPlex,AGCTGCGT,TGGTGGTA
